graph_name,nodes,edges,radius,diameter,density,avg_clustering_coeff,avg_degree,best_algorithm,quality_score
barbell_20_8,48,389,6,11,0.3448581560283688,0.8291666666666666,16.208333333333332,K-means,1.0
adjnoun,112,425,3,5,0.06837194337194337,0.1728400798103679,7.589285714285714,Agglomerative,0.212056873892
football,115,613,3,4,0.0935163996948894,0.40321601104209814,10.660869565217391,Affinity Propagation,0.832198639766
polbooks,105,441,4,7,0.08076923076923077,0.4875267912317314,8.4,Agglomerative,0.60483125008
karate_club,34,78,3,5,0.13903743315508021,0.5706384782076823,4.588235294117647,Agglomerative,0.874012061043
