nodes,edges,radius,diameter,density,avg_clustering_coeff,avg_degree
112,425,3,5,0.06837194337194337,0.1728400798103679,7.589285714285714
62,159,5,8,0.08408249603384453,0.2589582460550202,5.129032258064516
115,613,3,4,0.0935163996948894,0.40321601104209814,10.660869565217391
105,441,4,7,0.08076923076923077,0.4875267912317314,8.4
48,389,6,11,0.3448581560283688,0.8291666666666666,16.208333333333332
34,78,3,5,0.13903743315508021,0.5706384782076823,4.588235294117647
